<?xml version="1.0" encoding="UTF-8"?>
<project-private xmlns="http://www.netbeans.org/ns/project-private/1">
    <editor-bookmarks xmlns="http://www.netbeans.org/ns/editor-bookmarks/2" lastBookmarkId="0"/>
    <open-files xmlns="http://www.netbeans.org/ns/projectui-open-files/2">
<<<<<<< HEAD
        <group>
            <file>file:/C:/Users/Usuario%20Pc/Desktop/OPP/SE_FrutiApp/06-Code/FruitApp/src/ec/edu/espe/FruitApp/view/FrmCustomersTable.java</file>
            <file>file:/C:/Users/Usuario%20Pc/Desktop/OPP/SE_FrutiApp/06-Code/FruitApp/src/ec/edu/espe/FruitApp/view/FrmLoggin.java</file>
            <file>file:/C:/Users/Usuario%20Pc/Desktop/OPP/SE_FrutiApp/06-Code/FruitApp/src/ec/edu/espe/FruitApp/controller/VegetableController.java</file>
            <file>file:/C:/Users/Usuario%20Pc/Desktop/OPP/SE_FrutiApp/06-Code/FruitApp/src/ec/edu/espe/FruitApp/view/FrmVegetable.java</file>
            <file>file:/C:/Users/Usuario%20Pc/Desktop/OPP/SE_FrutiApp/06-Code/FruitApp/src/ec/edu/espe/FruitApp/view/FrmFruits.java</file>
            <file>file:/C:/Users/Usuario%20Pc/Desktop/OPP/SE_FrutiApp/06-Code/FruitApp/src/ec/edu/espe/FruitApp/view/FrmVegetablesTable.java</file>
            <file>file:/C:/Users/Usuario%20Pc/Desktop/OPP/SE_FrutiApp/06-Code/FruitApp/src/ec/edu/espe/FruitApp/controller/ConexionMongoDBVegetable.java</file>
            <file>file:/C:/Users/Usuario%20Pc/Desktop/OPP/SE_FrutiApp/06-Code/FruitApp/src/utils/DataBaseManager.java</file>
            <file>file:/C:/Users/Usuario%20Pc/Desktop/OPP/SE_FrutiApp/06-Code/FruitApp/src/utils/DataCustomer.java</file>
            <file>file:/C:/Users/Usuario%20Pc/Desktop/OPP/SE_FrutiApp/06-Code/FruitApp/src/ec/edu/espe/FruitApp/view/FrmWorkers.java</file>
        </group>
=======
        <group/>
>>>>>>> c0b9c5aba31cddcbb15789e51ff4c26de36d3169
    </open-files>
</project-private>
